[
    {
      "id": 1,
      "name": "Aloe Vera",
      "botanicalName": "Aloe barbadensis miller",
      "commonName": "Aloe",
      "description": "Succulent plant species with thick, fleshy leaves.",
      "habitat": "Arid regions, native to Arabian Peninsula",
      "medicinalUses": [
        "Skin conditions",
        "Burns",
        "Digestive health"
      ],
      "theme": "Succulents",
      "mostlyUsedIn": "Cosmetics and natural medicine",
      "methodsOfCultivation": "Stem cuttings, Leaf cuttings",
      "imageUrl": "images/medicinal_plants/alovera.jpg"
    },
    {
      "id": 2,
      "name": "Turmeric",
      "botanicalName": "Curcuma longa",
      "commonName": "Golden spice",
      "description": "Herbaceous plant of the ginger family with orange-yellow rhizome.",
      "habitat": "Tropical and subtropical regions",
      "medicinalUses": [
        "Anti-inflammatory",
        "Antioxidant",
        "Joint health"
      ],
      "theme": "Spices",
      "mostlyUsedIn": "Culinary and traditional medicine",
      "methodsOfCultivation": "Air layering, Leaf cuttings, Seed propagation",
      "imageUrl": "https://example.com/3d-models/turmeric.glb"
    },
    {
      "id": 3,
      "name": "Echinacea",
      "botanicalName": "Echinacea purpurea",
      "commonName": "Purple coneflower",
      "description": "Herbaceous flowering plant with large, showy heads of composite flowers.",
      "habitat": "Eastern and central North America",
      "medicinalUses": [
        "Immune system boost",
        "Cold and flu prevention"
      ],
      "theme": "Flowering herbs",
      "mostlyUsedIn": "Herbal supplements",
      "methodsOfCultivation": "Leaf cuttings, Seed propagation, Grafting, Tissue culture",
      "imageUrl": "https://example.com/3d-models/echinacea.glb"
    },
    {
      "id": 4,
      "name": "Ginger",
      "botanicalName": "Zingiber officinale",
      "commonName": "Ginger root",
      "description": "Flowering plant with pungent, aromatic rhizome.",
      "habitat": "Tropical and subtropical regions",
      "medicinalUses": [
        "Digestive aid",
        "Anti-nausea",
        "Anti-inflammatory"
      ],
      "theme": "Spices",
      "mostlyUsedIn": "Culinary and traditional medicine",
      "methodsOfCultivation": "Leaf cuttings, Root division, Seed propagation",
      "imageUrl": "https://example.com/3d-models/ginger.glb"
    },
    {
      "id": 5,
      "name": "Lavender",
      "botanicalName": "Lavandula angustifolia",
      "commonName": "English lavender",
      "description": "Aromatic shrub with purple flowers and narrow leaves.",
      "habitat": "Mediterranean region",
      "medicinalUses": [
        "Relaxation",
        "Sleep aid",
        "Skin care"
      ],
      "theme": "Aromatic herbs",
      "mostlyUsedIn": "Essential oils and aromatherapy",
      "methodsOfCultivation": "Seed propagation, Root division",
      "imageUrl": "https://example.com/3d-models/lavender.glb"
    },
    {
      "id": 6,
      "name": "Chamomile",
      "botanicalName": "Botanical name of Chamomile",
      "commonName": "Common name of Chamomile",
      "description": "Description of Chamomile.",
      "habitat": "Deserts",
      "medicinalUses": [
        "Use 1 of Chamomile",
        "Use 2 of Chamomile",
        "Use 3 of Chamomile"
      ],
      "theme": "Berries",
      "mostlyUsedIn": "Mostly used in various applications of Chamomile",
      "methodsOfCultivation": "Tissue culture, Air layering, Root division",
      "imageUrl": "https://example.com/3d-models/chamomile.glb"
    },
    {
      "id": 7,
      "name": "Peppermint",
      "botanicalName": "Botanical name of Peppermint",
      "commonName": "Common name of Peppermint",
      "description": "Description of Peppermint.",
      "habitat": "Coastal regions",
      "medicinalUses": [
        "Use 1 of Peppermint",
        "Use 2 of Peppermint",
        "Use 3 of Peppermint"
      ],
      "theme": "Berries",
      "mostlyUsedIn": "Mostly used in various applications of Peppermint",
      "methodsOfCultivation": "Tissue culture, Grafting",
      "imageUrl": "https://example.com/3d-models/peppermint.glb"
    },
    {
      "id": 8,
      "name": "Rosemary",
      "botanicalName": "Botanical name of Rosemary",
      "commonName": "Common name of Rosemary",
      "description": "Description of Rosemary.",
      "habitat": "Tropical rainforests",
      "medicinalUses": [
        "Use 1 of Rosemary",
        "Use 2 of Rosemary",
        "Use 3 of Rosemary"
      ],
      "theme": "Roots",
      "mostlyUsedIn": "Mostly used in various applications of Rosemary",
      "methodsOfCultivation": "Leaf cuttings, Stem cuttings, Rhizome division, Root division",
      "imageUrl": "https://example.com/3d-models/rosemary.glb"
    },
    {
      "id": 9,
      "name": "Sage",
      "botanicalName": "Botanical name of Sage",
      "commonName": "Common name of Sage",
      "description": "Description of Sage.",
      "habitat": "Mountains",
      "medicinalUses": [
        "Use 1 of Sage",
        "Use 2 of Sage",
        "Use 3 of Sage"
      ],
      "theme": "Shrubs",
      "mostlyUsedIn": "Mostly used in various applications of Sage",
      "methodsOfCultivation": "Rhizome division, Seed propagation, Grafting",
      "imageUrl": "https://example.com/3d-models/sage.glb"
    },
    {
      "id": 10,
      "name": "Thyme",
      "botanicalName": "Botanical name of Thyme",
      "commonName": "Common name of Thyme",
      "description": "Description of Thyme.",
      "habitat": "Grasslands",
      "medicinalUses": [
        "Use 1 of Thyme",
        "Use 2 of Thyme",
        "Use 3 of Thyme"
      ],
      "theme": "Shrubs",
      "mostlyUsedIn": "Mostly used in various applications of Thyme",
      "methodsOfCultivation": "Seed propagation, Leaf cuttings",
      "imageUrl": "https://example.com/3d-models/thyme.glb"
    },
    {
      "id": 11,
      "name": "Garlic",
      "botanicalName": "Botanical name of Garlic",
      "commonName": "Common name of Garlic",
      "description": "Description of Garlic.",
      "habitat": "Mountains",
      "medicinalUses": [
        "Use 1 of Garlic",
        "Use 2 of Garlic",
        "Use 3 of Garlic"
      ],
      "theme": "Herbs",
      "mostlyUsedIn": "Mostly used in various applications of Garlic",
      "methodsOfCultivation": "Bulb division, Stem cuttings, Rhizome division",
      "imageUrl": "https://example.com/3d-models/garlic.glb"
    },
    {
      "id": 12,
      "name": "Ginkgo Biloba",
      "botanicalName": "Botanical name of Ginkgo Biloba",
      "commonName": "Common name of Ginkgo Biloba",
      "description": "Description of Ginkgo Biloba.",
      "habitat": "Temperate forests",
      "medicinalUses": [
        "Use 1 of Ginkgo Biloba",
        "Use 2 of Ginkgo Biloba",
        "Use 3 of Ginkgo Biloba"
      ],
      "theme": "Flowering plants",
      "mostlyUsedIn": "Mostly used in various applications of Ginkgo Biloba",
      "methodsOfCultivation": "Stem cuttings, Layering, Leaf cuttings, Tissue culture",
      "imageUrl": "https://example.com/3d-models/ginkgo_biloba.glb"
    },
    {
      "id": 13,
      "name": "St. John's Wort",
      "botanicalName": "Botanical name of St. John's Wort",
      "commonName": "Common name of St. John's Wort",
      "description": "Description of St. John's Wort.",
      "habitat": "Mountains",
      "medicinalUses": [
        "Use 1 of St. John's Wort",
        "Use 2 of St. John's Wort",
        "Use 3 of St. John's Wort"
      ],
      "theme": "Roots",
      "mostlyUsedIn": "Mostly used in various applications of St. John's Wort",
      "methodsOfCultivation": "Bulb division, Leaf cuttings",
      "imageUrl": "https://example.com/3d-models/st._john's_wort.glb"
    },
    {
      "id": 14,
      "name": "Valerian",
      "botanicalName": "Botanical name of Valerian",
      "commonName": "Common name of Valerian",
      "description": "Description of Valerian.",
      "habitat": "Tropical rainforests",
      "medicinalUses": [
        "Use 1 of Valerian",
        "Use 2 of Valerian",
        "Use 3 of Valerian"
      ],
      "theme": "Flowering plants",
      "mostlyUsedIn": "Mostly used in various applications of Valerian",
      "methodsOfCultivation": "Air layering, Root division, Leaf cuttings, Bulb division",
      "imageUrl": "https://example.com/3d-models/valerian.glb"
    },
    {
      "id": 15,
      "name": "Feverfew",
      "botanicalName": "Botanical name of Feverfew",
      "commonName": "Common name of Feverfew",
      "description": "Description of Feverfew.",
      "habitat": "Temperate forests",
      "medicinalUses": [
        "Use 1 of Feverfew",
        "Use 2 of Feverfew",
        "Use 3 of Feverfew"
      ],
      "theme": "Vines",
      "mostlyUsedIn": "Mostly used in various applications of Feverfew",
      "methodsOfCultivation": "Bulb division, Layering, Grafting, Tissue culture",
      "imageUrl": "https://example.com/3d-models/feverfew.glb"
    },
    {
      "id": 16,
      "name": "Milk Thistle",
      "botanicalName": "Botanical name of Milk Thistle",
      "commonName": "Common name of Milk Thistle",
      "description": "Description of Milk Thistle.",
      "habitat": "Deserts",
      "medicinalUses": [
        "Use 1 of Milk Thistle",
        "Use 2 of Milk Thistle",
        "Use 3 of Milk Thistle"
      ],
      "theme": "Herbs",
      "mostlyUsedIn": "Mostly used in various applications of Milk Thistle",
      "methodsOfCultivation": "Leaf cuttings, Air layering, Root division",
      "imageUrl": "https://example.com/3d-models/milk_thistle.glb"
    },
    {
      "id": 17,
      "name": "Dandelion",
      "botanicalName": "Botanical name of Dandelion",
      "commonName": "Common name of Dandelion",
      "description": "Description of Dandelion.",
      "habitat": "Tropical rainforests",
      "medicinalUses": [
        "Use 1 of Dandelion",
        "Use 2 of Dandelion",
        "Use 3 of Dandelion"
      ],
      "theme": "Trees",
      "mostlyUsedIn": "Mostly used in various applications of Dandelion",
      "methodsOfCultivation": "Stem cuttings, Grafting, Seed propagation",
      "imageUrl": "https://example.com/3d-models/dandelion.glb"
    },
    {
      "id": 18,
      "name": "Elderberry",
      "botanicalName": "Botanical name of Elderberry",
      "commonName": "Common name of Elderberry",
      "description": "Description of Elderberry.",
      "habitat": "Deserts",
      "medicinalUses": [
        "Use 1 of Elderberry",
        "Use 2 of Elderberry",
        "Use 3 of Elderberry"
      ],
      "theme": "Shrubs",
      "mostlyUsedIn": "Mostly used in various applications of Elderberry",
      "methodsOfCultivation": "Rhizome division, Air layering, Seed propagation, Tissue culture",
      "imageUrl": "https://example.com/3d-models/elderberry.glb"
    },
    {
      "id": 19,
      "name": "Ginseng",
      "botanicalName": "Botanical name of Ginseng",
      "commonName": "Common name of Ginseng",
      "description": "Description of Ginseng.",
      "habitat": "Temperate forests",
      "medicinalUses": [
        "Use 1 of Ginseng",
        "Use 2 of Ginseng",
        "Use 3 of Ginseng"
      ],
      "theme": "Berries",
      "mostlyUsedIn": "Mostly used in various applications of Ginseng",
      "methodsOfCultivation": "Root division, Seed propagation, Leaf cuttings, Rhizome division",
      "imageUrl": "https://example.com/3d-models/ginseng.glb"
    },
    {
      "id": 20,
      "name": "Goldenseal",
      "botanicalName": "Botanical name of Goldenseal",
      "commonName": "Common name of Goldenseal",
      "description": "Description of Goldenseal.",
      "habitat": "Grasslands",
      "medicinalUses": [
        "Use 1 of Goldenseal",
        "Use 2 of Goldenseal",
        "Use 3 of Goldenseal"
      ],
      "theme": "Flowering plants",
      "mostlyUsedIn": "Mostly used in various applications of Goldenseal",
      "methodsOfCultivation": "Seed propagation, Leaf cuttings",
      "imageUrl": "https://example.com/3d-models/goldenseal.glb"
    },
    {
      "id": 21,
      "name": "Hawthorn",
      "botanicalName": "Botanical name of Hawthorn",
      "commonName": "Common name of Hawthorn",
      "description": "Description of Hawthorn.",
      "habitat": "Deserts",
      "medicinalUses": [
        "Use 1 of Hawthorn",
        "Use 2 of Hawthorn",
        "Use 3 of Hawthorn"
      ],
      "theme": "Vines",
      "mostlyUsedIn": "Mostly used in various applications of Hawthorn",
      "methodsOfCultivation": "Grafting, Seed propagation, Air layering",
      "imageUrl": "https://example.com/3d-models/hawthorn.glb"
    },
    {
      "id": 22,
      "name": "Kava Kava",
      "botanicalName": "Botanical name of Kava Kava",
      "commonName": "Common name of Kava Kava",
      "description": "Description of Kava Kava.",
      "habitat": "Coastal regions",
      "medicinalUses": [
        "Use 1 of Kava Kava",
        "Use 2 of Kava Kava",
        "Use 3 of Kava Kava"
      ],
      "theme": "Vines",
      "mostlyUsedIn": "Mostly used in various applications of Kava Kava",
      "methodsOfCultivation": "Rhizome division, Air layering",
      "imageUrl": "https://example.com/3d-models/kava_kava.glb"
    },
    {
      "id": 23,
      "name": "Lemon Balm",
      "botanicalName": "Botanical name of Lemon Balm",
      "commonName": "Common name of Lemon Balm",
      "description": "Description of Lemon Balm.",
      "habitat": "Mountains",
      "medicinalUses": [
        "Use 1 of Lemon Balm",
        "Use 2 of Lemon Balm",
        "Use 3 of Lemon Balm"
      ],
      "theme": "Trees",
      "mostlyUsedIn": "Mostly used in various applications of Lemon Balm",
      "methodsOfCultivation": "Rhizome division, Air layering, Tissue culture, Seed propagation",
      "imageUrl": "https://example.com/3d-models/lemon_balm.glb"
    },
    {
      "id": 24,
      "name": "Licorice Root",
      "botanicalName": "Botanical name of Licorice Root",
      "commonName": "Common name of Licorice Root",
      "description": "Description of Licorice Root.",
      "habitat": "Deserts",
      "medicinalUses": [
        "Use 1 of Licorice Root",
        "Use 2 of Licorice Root",
        "Use 3 of Licorice Root"
      ],
      "theme": "Roots",
      "mostlyUsedIn": "Mostly used in various applications of Licorice Root",
      "methodsOfCultivation": "Leaf cuttings, Tissue culture, Bulb division, Layering",
      "imageUrl": "https://example.com/3d-models/licorice_root.glb"
    },
    {
      "id": 25,
      "name": "Marshmallow Root",
      "botanicalName": "Botanical name of Marshmallow Root",
      "commonName": "Common name of Marshmallow Root",
      "description": "Description of Marshmallow Root.",
      "habitat": "Deserts",
      "medicinalUses": [
        "Use 1 of Marshmallow Root",
        "Use 2 of Marshmallow Root",
        "Use 3 of Marshmallow Root"
      ],
      "theme": "Shrubs",
      "mostlyUsedIn": "Mostly used in various applications of Marshmallow Root",
      "methodsOfCultivation": "Leaf cuttings, Rhizome division, Grafting",
      "imageUrl": "https://example.com/3d-models/marshmallow_root.glb"
    },
    {
      "id": 26,
      "name": "Mullein",
      "botanicalName": "Botanical name of Mullein",
      "commonName": "Common name of Mullein",
      "description": "Description of Mullein.",
      "habitat": "Coastal regions",
      "medicinalUses": [
        "Use 1 of Mullein",
        "Use 2 of Mullein",
        "Use 3 of Mullein"
      ],
      "theme": "Vines",
      "mostlyUsedIn": "Mostly used in various applications of Mullein",
      "methodsOfCultivation": "Rhizome division, Bulb division, Grafting",
      "imageUrl": "https://example.com/3d-models/mullein.glb"
    },
    {
      "id": 27,
      "name": "Nettle",
      "botanicalName": "Botanical name of Nettle",
      "commonName": "Common name of Nettle",
      "description": "Description of Nettle.",
      "habitat": "Deserts",
      "medicinalUses": [
        "Use 1 of Nettle",
        "Use 2 of Nettle",
        "Use 3 of Nettle"
      ],
      "theme": "Vines",
      "mostlyUsedIn": "Mostly used in various applications of Nettle",
      "methodsOfCultivation": "Rhizome division, Bulb division",
      "imageUrl": "https://example.com/3d-models/nettle.glb"
    },
    {
      "id": 28,
      "name": "Oregano",
      "botanicalName": "Botanical name of Oregano",
      "commonName": "Common name of Oregano",
      "description": "Description of Oregano.",
      "habitat": "Grasslands",
      "medicinalUses": [
        "Use 1 of Oregano",
        "Use 2 of Oregano",
        "Use 3 of Oregano"
      ],
      "theme": "Flowering plants",
      "mostlyUsedIn": "Mostly used in various applications of Oregano",
      "methodsOfCultivation": "Rhizome division, Bulb division, Root division, Seed propagation",
      "imageUrl": "https://example.com/3d-models/oregano.glb"
    },
    {
      "id": 29,
      "name": "Passionflower",
      "botanicalName": "Botanical name of Passionflower",
      "commonName": "Common name of Passionflower",
      "description": "Description of Passionflower.",
      "habitat": "Tropical rainforests",
      "medicinalUses": [
        "Use 1 of Passionflower",
        "Use 2 of Passionflower",
        "Use 3 of Passionflower"
      ],
      "theme": "Flowering plants",
      "mostlyUsedIn": "Mostly used in various applications of Passionflower",
      "methodsOfCultivation": "Stem cuttings, Grafting",
      "imageUrl": "https://example.com/3d-models/passionflower.glb"
    },
    {
      "id": 30,
      "name": "Plantain",
      "botanicalName": "Botanical name of Plantain",
      "commonName": "Common name of Plantain",
      "description": "Description of Plantain.",
      "habitat": "Temperate forests",
      "medicinalUses": [
        "Use 1 of Plantain",
        "Use 2 of Plantain",
        "Use 3 of Plantain"
      ],
      "theme": "Vines",
      "mostlyUsedIn": "Mostly used in various applications of Plantain",
      "methodsOfCultivation": "Layering, Leaf cuttings",
      "imageUrl": "https://example.com/3d-models/plantain.glb"
    },
    {
      "id": 31,
      "name": "Red Clover",
      "botanicalName": "Botanical name of Red Clover",
      "commonName": "Common name of Red Clover",
      "description": "Description of Red Clover.",
      "habitat": "Grasslands",
      "medicinalUses": [
        "Use 1 of Red Clover",
        "Use 2 of Red Clover",
        "Use 3 of Red Clover"
      ],
      "theme": "Berries",
      "mostlyUsedIn": "Mostly used in various applications of Red Clover",
      "methodsOfCultivation": "Tissue culture, Air layering, Bulb division, Grafting",
      "imageUrl": "https://example.com/3d-models/red_clover.glb"
    },
    {
      "id": 32,
      "name": "Saw Palmetto",
      "botanicalName": "Botanical name of Saw Palmetto",
      "commonName": "Common name of Saw Palmetto",
      "description": "Description of Saw Palmetto.",
      "habitat": "Tropical rainforests",
      "medicinalUses": [
        "Use 1 of Saw Palmetto",
        "Use 2 of Saw Palmetto",
        "Use 3 of Saw Palmetto"
      ],
      "theme": "Herbs",
      "mostlyUsedIn": "Mostly used in various applications of Saw Palmetto",
      "methodsOfCultivation": "Layering, Root division, Stem cuttings, Air layering",
      "imageUrl": "https://example.com/3d-models/saw_palmetto.glb"
    },
    {
      "id": 33,
      "name": "Slippery Elm",
      "botanicalName": "Botanical name of Slippery Elm",
      "commonName": "Common name of Slippery Elm",
      "description": "Description of Slippery Elm.",
      "habitat": "Grasslands",
      "medicinalUses": [
        "Use 1 of Slippery Elm",
        "Use 2 of Slippery Elm",
        "Use 3 of Slippery Elm"
      ],
      "theme": "Roots",
      "mostlyUsedIn": "Mostly used in various applications of Slippery Elm",
      "methodsOfCultivation": "Grafting, Rhizome division, Seed propagation, Bulb division",
      "imageUrl": "https://example.com/3d-models/slippery_elm.glb"
    },
    {
      "id": 34,
      "name": "Yarrow",
      "botanicalName": "Botanical name of Yarrow",
      "commonName": "Common name of Yarrow",
      "description": "Description of Yarrow.",
      "habitat": "Mountains",
      "medicinalUses": [
        "Use 1 of Yarrow",
        "Use 2 of Yarrow",
        "Use 3 of Yarrow"
      ],
      "theme": "Herbs",
      "mostlyUsedIn": "Mostly used in various applications of Yarrow",
      "methodsOfCultivation": "Seed propagation, Leaf cuttings",
      "imageUrl": "https://example.com/3d-models/yarrow.glb"
    },
    {
      "id": 35,
      "name": "Ashwagandha",
      "botanicalName": "Botanical name of Ashwagandha",
      "commonName": "Common name of Ashwagandha",
      "description": "Description of Ashwagandha.",
      "habitat": "Temperate forests",
      "medicinalUses": [
        "Use 1 of Ashwagandha",
        "Use 2 of Ashwagandha",
        "Use 3 of Ashwagandha"
      ],
      "theme": "Berries",
      "mostlyUsedIn": "Mostly used in various applications of Ashwagandha",
      "methodsOfCultivation": "Bulb division, Rhizome division, Air layering",
      "imageUrl": "https://example.com/3d-models/ashwagandha.glb"
    },
    {
      "id": 36,
      "name": "Astragalus",
      "botanicalName": "Botanical name of Astragalus",
      "commonName": "Common name of Astragalus",
      "description": "Description of Astragalus.",
      "habitat": "Coastal regions",
      "medicinalUses": [
        "Use 1 of Astragalus",
        "Use 2 of Astragalus",
        "Use 3 of Astragalus"
      ],
      "theme": "Trees",
      "mostlyUsedIn": "Mostly used in various applications of Astragalus",
      "methodsOfCultivation": "Root division, Bulb division, Leaf cuttings",
      "imageUrl": "https://example.com/3d-models/astragalus.glb"
    },
    {
      "id": 37,
      "name": "Burdock Root",
      "botanicalName": "Botanical name of Burdock Root",
      "commonName": "Common name of Burdock Root",
      "description": "Description of Burdock Root.",
      "habitat": "Deserts",
      "medicinalUses": [
        "Use 1 of Burdock Root",
        "Use 2 of Burdock Root",
        "Use 3 of Burdock Root"
      ],
      "theme": "Flowering plants",
      "mostlyUsedIn": "Mostly used in various applications of Burdock Root",
      "methodsOfCultivation": "Tissue culture, Air layering",
      "imageUrl": "https://example.com/3d-models/burdock_root.glb"
    },
    {
      "id": 38,
      "name": "Calendula",
      "botanicalName": "Botanical name of Calendula",
      "commonName": "Common name of Calendula",
      "description": "Description of Calendula.",
      "habitat": "Mountains",
      "medicinalUses": [
        "Use 1 of Calendula",
        "Use 2 of Calendula",
        "Use 3 of Calendula"
      ],
      "theme": "Berries",
      "mostlyUsedIn": "Mostly used in various applications of Calendula",
      "methodsOfCultivation": "Stem cuttings, Rhizome division, Air layering",
      "imageUrl": "https://example.com/3d-models/calendula.glb"
    },
    {
      "id": 39,
      "name": "Cat's Claw",
      "botanicalName": "Botanical name of Cat's Claw",
      "commonName": "Common name of Cat's Claw",
      "description": "Description of Cat's Claw.",
      "habitat": "Mountains",
      "medicinalUses": [
        "Use 1 of Cat's Claw",
        "Use 2 of Cat's Claw",
        "Use 3 of Cat's Claw"
      ],
      "theme": "Vines",
      "mostlyUsedIn": "Mostly used in various applications of Cat's Claw",
      "methodsOfCultivation": "Stem cuttings, Grafting, Rhizome division",
      "imageUrl": "https://example.com/3d-models/cat's_claw.glb"
    },
    {
      "id": 40,
      "name": "Cayenne",
      "botanicalName": "Botanical name of Cayenne",
      "commonName": "Common name of Cayenne",
      "description": "Description of Cayenne.",
      "habitat": "Coastal regions",
      "medicinalUses": [
        "Use 1 of Cayenne",
        "Use 2 of Cayenne",
        "Use 3 of Cayenne"
      ],
      "theme": "Roots",
      "mostlyUsedIn": "Mostly used in various applications of Cayenne",
      "methodsOfCultivation": "Rhizome division, Root division",
      "imageUrl": "https://example.com/3d-models/cayenne.glb"
    },
    {
      "id": 41,
      "name": "Cinnamon",
      "botanicalName": "Botanical name of Cinnamon",
      "commonName": "Common name of Cinnamon",
      "description": "Description of Cinnamon.",
      "habitat": "Grasslands",
      "medicinalUses": [
        "Use 1 of Cinnamon",
        "Use 2 of Cinnamon",
        "Use 3 of Cinnamon"
      ],
      "theme": "Herbs",
      "mostlyUsedIn": "Mostly used in various applications of Cinnamon",
      "methodsOfCultivation": "Layering, Air layering",
      "imageUrl": "https://example.com/3d-models/cinnamon.glb"
    },
    {
      "id": 42,
      "name": "Comfrey",
      "botanicalName": "Botanical name of Comfrey",
      "commonName": "Common name of Comfrey",
      "description": "Description of Comfrey.",
      "habitat": "Temperate forests",
      "medicinalUses": [
        "Use 1 of Comfrey",
        "Use 2 of Comfrey",
        "Use 3 of Comfrey"
      ],
      "theme": "Trees",
      "mostlyUsedIn": "Mostly used in various applications of Comfrey",
      "methodsOfCultivation": "Grafting, Tissue culture, Stem cuttings, Bulb division",
      "imageUrl": "https://example.com/3d-models/comfrey.glb"
    },
    {
      "id": 43,
      "name": "Dong Quai",
      "botanicalName": "Botanical name of Dong Quai",
      "commonName": "Common name of Dong Quai",
      "description": "Description of Dong Quai.",
      "habitat": "Wetlands",
      "medicinalUses": [
        "Use 1 of Dong Quai",
        "Use 2 of Dong Quai",
        "Use 3 of Dong Quai"
      ],
      "theme": "Berries",
      "mostlyUsedIn": "Mostly used in various applications of Dong Quai",
      "methodsOfCultivation": "Leaf cuttings, Air layering, Seed propagation, Stem cuttings",
      "imageUrl": "https://example.com/3d-models/dong_quai.glb"
    },
    {
      "id": 44,
      "name": "Eucalyptus",
      "botanicalName": "Botanical name of Eucalyptus",
      "commonName": "Common name of Eucalyptus",
      "description": "Description of Eucalyptus.",
      "habitat": "Temperate forests",
      "medicinalUses": [
        "Use 1 of Eucalyptus",
        "Use 2 of Eucalyptus",
        "Use 3 of Eucalyptus"
      ],
      "theme": "Shrubs",
      "mostlyUsedIn": "Mostly used in various applications of Eucalyptus",
      "methodsOfCultivation": "Seed propagation, Stem cuttings, Tissue culture, Bulb division",
      "imageUrl": "https://example.com/3d-models/eucalyptus.glb"
    },
    {
      "id": 45,
      "name": "Fenugreek",
      "botanicalName": "Botanical name of Fenugreek",
      "commonName": "Common name of Fenugreek",
      "description": "Description of Fenugreek.",
      "habitat": "Coastal regions",
      "medicinalUses": [
        "Use 1 of Fenugreek",
        "Use 2 of Fenugreek",
        "Use 3 of Fenugreek"
      ],
      "theme": "Herbs",
      "mostlyUsedIn": "Mostly used in various applications of Fenugreek",
      "methodsOfCultivation": "Air layering, Grafting",
      "imageUrl": "https://example.com/3d-models/fenugreek.glb"
    },
    {
      "id": 46,
      "name": "Gotu Kola",
      "botanicalName": "Botanical name of Gotu Kola",
      "commonName": "Common name of Gotu Kola",
      "description": "Description of Gotu Kola.",
      "habitat": "Tropical rainforests",
      "medicinalUses": [
        "Use 1 of Gotu Kola",
        "Use 2 of Gotu Kola",
        "Use 3 of Gotu Kola"
      ],
      "theme": "Herbs",
      "mostlyUsedIn": "Mostly used in various applications of Gotu Kola",
      "methodsOfCultivation": "Stem cuttings, Layering, Rhizome division",
      "imageUrl": "https://example.com/3d-models/gotu_kola.glb"
    },
    {
      "id": 47,
      "name": "Holy Basil",
      "botanicalName": "Botanical name of Holy Basil",
      "commonName": "Common name of Holy Basil",
      "description": "Description of Holy Basil.",
      "habitat": "Grasslands",
      "medicinalUses": [
        "Use 1 of Holy Basil",
        "Use 2 of Holy Basil",
        "Use 3 of Holy Basil"
      ],
      "theme": "Vines",
      "mostlyUsedIn": "Mostly used in various applications of Holy Basil",
      "methodsOfCultivation": "Root division, Leaf cuttings",
      "imageUrl": "https://example.com/3d-models/holy_basil.glb"
    },
    {
      "id": 48,
      "name": "Hops",
      "botanicalName": "Botanical name of Hops",
      "commonName": "Common name of Hops",
      "description": "Description of Hops.",
      "habitat": "Deserts",
      "medicinalUses": [
        "Use 1 of Hops",
        "Use 2 of Hops",
        "Use 3 of Hops"
      ],
      "theme": "Shrubs",
      "mostlyUsedIn": "Mostly used in various applications of Hops",
      "methodsOfCultivation": "Air layering, Leaf cuttings",
      "imageUrl": "https://example.com/3d-models/hops.glb"
    },
    {
      "id": 49,
      "name": "Horsetail",
      "botanicalName": "Botanical name of Horsetail",
      "commonName": "Common name of Horsetail",
      "description": "Description of Horsetail.",
      "habitat": "Temperate forests",
      "medicinalUses": [
        "Use 1 of Horsetail",
        "Use 2 of Horsetail",
        "Use 3 of Horsetail"
      ],
      "theme": "Roots",
      "mostlyUsedIn": "Mostly used in various applications of Horsetail",
      "methodsOfCultivation": "Seed propagation, Air layering",
      "imageUrl": "https://example.com/3d-models/horsetail.glb"
    },
    {
      "id": 50,
      "name": "Maca",
      "botanicalName": "Botanical name of Maca",
      "commonName": "Common name of Maca",
      "description": "Description of Maca.",
      "habitat": "Deserts",
      "medicinalUses": [
        "Use 1 of Maca",
        "Use 2 of Maca",
        "Use 3 of Maca"
      ],
      "theme": "Vines",
      "mostlyUsedIn": "Mostly used in various applications of Maca",
      "methodsOfCultivation": "Leaf cuttings, Root division, Rhizome division",
      "imageUrl": "https://example.com/3d-models/maca.glb"
    }
  ]